chercheur,projet
"Bénard, François",Rare Isotopes to Transform Cancer Therapy
"Ramogida, Caterina",Rare Isotopes to Transform Cancer Therapy
"Beauregard, Jean-Mathieu",Rare Isotopes to Transform Cancer Therapy
"Guérin, Brigitte",Rare Isotopes to Transform Cancer Therapy
"Hoehr, Cornelia",Rare Isotopes to Transform Cancer Therapy
"Lin, Kuo-Shyan",Rare Isotopes to Transform Cancer Therapy
"Luyt, Leonard",Rare Isotopes to Transform Cancer Therapy
"Perrin, David",Rare Isotopes to Transform Cancer Therapy
"Radchenko, Valery",Rare Isotopes to Transform Cancer Therapy
"Regier, Dean",Rare Isotopes to Transform Cancer Therapy
"Reid, Gregor",Rare Isotopes to Transform Cancer Therapy
"Reilly, Raymond",Rare Isotopes to Transform Cancer Therapy
"Schaffer, Paul",Rare Isotopes to Transform Cancer Therapy
"Schirrmacher, Ralf",Rare Isotopes to Transform Cancer Therapy
"Uribe, Carlos",Rare Isotopes to Transform Cancer Therapy
"Wuest, Frank",Rare Isotopes to Transform Cancer Therapy
"Yang, Hua",Rare Isotopes to Transform Cancer Therapy
"Koester, Ulli",Rare Isotopes to Transform Cancer Therapy
"Ooms, Maarten",Rare Isotopes to Transform Cancer Therapy
"Price, Eric",Rare Isotopes to Transform Cancer Therapy
"Seimbille, Yann",Rare Isotopes to Transform Cancer Therapy
"van der Meulen, Nicholas",Rare Isotopes to Transform Cancer Therapy
"Van der Voorde, Michiel",Rare Isotopes to Transform Cancer Therapy
"Laflamme, Michael",Enabling novel cardiac therapies with pluripotent stem cells
"Biktashev, Vadim",Enabling novel cardiac therapies with pluripotent stem cells
"Bub, Gil",Enabling novel cardiac therapies with pluripotent stem cells
"Epelman, Slava",Enabling novel cardiac therapies with pluripotent stem cells
"Feinberg, Adam",Enabling novel cardiac therapies with pluripotent stem cells
"Garton, Michael",Enabling novel cardiac therapies with pluripotent stem cells
"Haller, Christoph",Enabling novel cardiac therapies with pluripotent stem cells
"Keller, Gordon",Enabling novel cardiac therapies with pluripotent stem cells
"Kimmelman, Jonathan",Enabling novel cardiac therapies with pluripotent stem cells
"Protze, Stephanie",Enabling novel cardiac therapies with pluripotent stem cells
"Vasconcelos, Sara",Enabling novel cardiac therapies with pluripotent stem cells
"Yau, Terrence",Enabling novel cardiac therapies with pluripotent stem cells
"Amon, Cristina",Enabling novel cardiac therapies with pluripotent stem cells
"Broomell, Stephen",Enabling novel cardiac therapies with pluripotent stem cells
"Gepstein, Lior",Enabling novel cardiac therapies with pluripotent stem cells
"Nanthakumar, Kumaraswamy",Enabling novel cardiac therapies with pluripotent stem cells
"Noiseux, Nicolas",Enabling novel cardiac therapies with pluripotent stem cells
"Rac, Valeria",Enabling novel cardiac therapies with pluripotent stem cells
"Sarvazyan, Narine",Enabling novel cardiac therapies with pluripotent stem cells
"Shoichet, Molly",Enabling novel cardiac therapies with pluripotent stem cells
"Tavallaei, Mohammad",Enabling novel cardiac therapies with pluripotent stem cells
"Yoo, Shi-Joon",Enabling novel cardiac therapies with pluripotent stem cells
"Valverde, Israel",Enabling novel cardiac therapies with pluripotent stem cells
"Brown, Allison",Enabling novel cardiac therapies with pluripotent stem cells
"Chen, Chang-Yi (Vincent)",Enabling novel cardiac therapies with pluripotent stem cells
"Domian, Ibrahim",Enabling novel cardiac therapies with pluripotent stem cells
"Husain, Mansoor",Enabling novel cardiac therapies with pluripotent stem cells
"Lindsay, Patrice",Enabling novel cardiac therapies with pluripotent stem cells
"Marchese, Diego",Enabling novel cardiac therapies with pluripotent stem cells
"May, Michael",Enabling novel cardiac therapies with pluripotent stem cells
"Simmons, Craig",Enabling novel cardiac therapies with pluripotent stem cells
"Willerth, Stephanie",Enabling novel cardiac therapies with pluripotent stem cells
"Lewis, Jason",Abundant Intelligences: Expanding Artificial Intelligence through Indigenous Knowledge Systems
"Whaanga, Hēmi",Abundant Intelligences: Expanding Artificial Intelligence through Indigenous Knowledge Systems
"Amos, Kelsey",Abundant Intelligences: Expanding Artificial Intelligence through Indigenous Knowledge Systems
"Benesiinaabandan, Scott",Abundant Intelligences: Expanding Artificial Intelligence through Indigenous Knowledge Systems
"Bengio, Yoshua",Abundant Intelligences: Expanding Artificial Intelligence through Indigenous Knowledge Systems
"Brown, Michelle",Abundant Intelligences: Expanding Artificial Intelligence through Indigenous Knowledge Systems
"Cheung, Melanie",Abundant Intelligences: Expanding Artificial Intelligence through Indigenous Knowledge Systems
"Cordes, Ashley",Abundant Intelligences: Expanding Artificial Intelligence through Indigenous Knowledge Systems
"Courville, Aaron",Abundant Intelligences: Expanding Artificial Intelligence through Indigenous Knowledge Systems
"Crow, Susan",Abundant Intelligences: Expanding Artificial Intelligence through Indigenous Knowledge Systems
"Diamond, Sara",Abundant Intelligences: Expanding Artificial Intelligence through Indigenous Knowledge Systems
"Dumas, Guillaume",Abundant Intelligences: Expanding Artificial Intelligence through Indigenous Knowledge Systems
"Enos, Kamuela",Abundant Intelligences: Expanding Artificial Intelligence through Indigenous Knowledge Systems
"Harrell, D. Fox",Abundant Intelligences: Expanding Artificial Intelligence through Indigenous Knowledge Systems
"Igloliorte, Heather",Abundant Intelligences: Expanding Artificial Intelligence through Indigenous Knowledge Systems
"Jerbi, Karim",Abundant Intelligences: Expanding Artificial Intelligence through Indigenous Knowledge Systems
"Kuwada, Bryan",Abundant Intelligences: Expanding Artificial Intelligence through Indigenous Knowledge Systems
"Ladner, Kiera",Abundant Intelligences: Expanding Artificial Intelligence through Indigenous Knowledge Systems
"Leigh, Jason",Abundant Intelligences: Expanding Artificial Intelligence through Indigenous Knowledge Systems
"Leween, Jackson",Abundant Intelligences: Expanding Artificial Intelligence through Indigenous Knowledge Systems
"McKelvey, Fenwick",Abundant Intelligences: Expanding Artificial Intelligence through Indigenous Knowledge Systems
"meyer, manulani",Abundant Intelligences: Expanding Artificial Intelligence through Indigenous Knowledge Systems
"Muller, Eilif",Abundant Intelligences: Expanding Artificial Intelligence through Indigenous Knowledge Systems
"Nagam, Julie",Abundant Intelligences: Expanding Artificial Intelligence through Indigenous Knowledge Systems
"Parker Jones, Oiwi",Abundant Intelligences: Expanding Artificial Intelligence through Indigenous Knowledge Systems
"Pechawis, Archer",Abundant Intelligences: Expanding Artificial Intelligence through Indigenous Knowledge Systems
"Rice, Jacqueline",Abundant Intelligences: Expanding Artificial Intelligence through Indigenous Knowledge Systems
"Richards, Blake",Abundant Intelligences: Expanding Artificial Intelligence through Indigenous Knowledge Systems
"Smith, Linda",Abundant Intelligences: Expanding Artificial Intelligence through Indigenous Knowledge Systems
"Temara, Pou",Abundant Intelligences: Expanding Artificial Intelligence through Indigenous Knowledge Systems
"Tsosie, Krystal",Abundant Intelligences: Expanding Artificial Intelligence through Indigenous Knowledge Systems
"Ubalijoro, Eliane",Abundant Intelligences: Expanding Artificial Intelligence through Indigenous Knowledge Systems
"Witehira, Johnson",Abundant Intelligences: Expanding Artificial Intelligence through Indigenous Knowledge Systems
"Deenik, Jonathan",Abundant Intelligences: Expanding Artificial Intelligence through Indigenous Knowledge Systems
"First Rider, Amethyst",Abundant Intelligences: Expanding Artificial Intelligence through Indigenous Knowledge Systems
"Grimm, Holly",Abundant Intelligences: Expanding Artificial Intelligence through Indigenous Knowledge Systems
"Kealoha, Donavan",Abundant Intelligences: Expanding Artificial Intelligence through Indigenous Knowledge Systems
"Levesque, Maroussia",Abundant Intelligences: Expanding Artificial Intelligence through Indigenous Knowledge Systems
"Little Bear, Leroy",Abundant Intelligences: Expanding Artificial Intelligence through Indigenous Knowledge Systems
"Running Wolf, Caroline",Abundant Intelligences: Expanding Artificial Intelligence through Indigenous Knowledge Systems
"Menon, Ravi",TRIDENT: TRanslational Initiative to DE-risk NeuroTherapeutics
"Durcan, Thomas",TRIDENT: TRanslational Initiative to DE-risk NeuroTherapeutics
"Everling, Stefan",TRIDENT: TRanslational Initiative to DE-risk NeuroTherapeutics
"Galea, Liisa",TRIDENT: TRanslational Initiative to DE-risk NeuroTherapeutics
"Gold, E. Richard",TRIDENT: TRanslational Initiative to DE-risk NeuroTherapeutics
"Khan, Ali",TRIDENT: TRanslational Initiative to DE-risk NeuroTherapeutics
"Prado, Marco",TRIDENT: TRanslational Initiative to DE-risk NeuroTherapeutics
"Prado, Vania",TRIDENT: TRanslational Initiative to DE-risk NeuroTherapeutics
"Saksida, Lisa",TRIDENT: TRanslational Initiative to DE-risk NeuroTherapeutics
"Bartha, Robert",TRIDENT: TRanslational Initiative to DE-risk NeuroTherapeutics
"Brandon, Mark",TRIDENT: TRanslational Initiative to DE-risk NeuroTherapeutics
"Bussey, Timothy",TRIDENT: TRanslational Initiative to DE-risk NeuroTherapeutics
"Cashman, Neil",TRIDENT: TRanslational Initiative to DE-risk NeuroTherapeutics
"Chakravarty, Mallar",TRIDENT: TRanslational Initiative to DE-risk NeuroTherapeutics
"Clery, Justine",TRIDENT: TRanslational Initiative to DE-risk NeuroTherapeutics
"Dagher, Alain",TRIDENT: TRanslational Initiative to DE-risk NeuroTherapeutics
"Finger, Elizabeth",TRIDENT: TRanslational Initiative to DE-risk NeuroTherapeutics
"Fon, Edward",TRIDENT: TRanslational Initiative to DE-risk NeuroTherapeutics
"Huot, Philippe",TRIDENT: TRanslational Initiative to DE-risk NeuroTherapeutics
"MacDonald, Penny",TRIDENT: TRanslational Initiative to DE-risk NeuroTherapeutics
"Owen, Adrian",TRIDENT: TRanslational Initiative to DE-risk NeuroTherapeutics
"Pruszynski, Andrew",TRIDENT: TRanslational Initiative to DE-risk NeuroTherapeutics
"Schmitz, Taylor",TRIDENT: TRanslational Initiative to DE-risk NeuroTherapeutics
"Sullivan, Jacqueline",TRIDENT: TRanslational Initiative to DE-risk NeuroTherapeutics
"Watts, Joel",TRIDENT: TRanslational Initiative to DE-risk NeuroTherapeutics
"Croxall, Matt",TRIDENT: TRanslational Initiative to DE-risk NeuroTherapeutics
"Edwards, Aled",TRIDENT: TRanslational Initiative to DE-risk NeuroTherapeutics
"Hutchison, Matthew",TRIDENT: TRanslational Initiative to DE-risk NeuroTherapeutics
"Ireland, Scott",TRIDENT: TRanslational Initiative to DE-risk NeuroTherapeutics
"Lipton, Mark",TRIDENT: TRanslational Initiative to DE-risk NeuroTherapeutics
"Longo, Frank",TRIDENT: TRanslational Initiative to DE-risk NeuroTherapeutics
"Munoz, Douglas",TRIDENT: TRanslational Initiative to DE-risk NeuroTherapeutics
"Ping Lu, Kung",TRIDENT: TRanslational Initiative to DE-risk NeuroTherapeutics
"Sukoff Rizzo, Stacey",TRIDENT: TRanslational Initiative to DE-risk NeuroTherapeutics
"Walters, Carol",TRIDENT: TRanslational Initiative to DE-risk NeuroTherapeutics
"Williams, Sylvain",TRIDENT: TRanslational Initiative to DE-risk NeuroTherapeutics
"Williams, Eugene",TRIDENT: TRanslational Initiative to DE-risk NeuroTherapeutics
"Wiseman, Frances",TRIDENT: TRanslational Initiative to DE-risk NeuroTherapeutics
"Schuurmans, Carol",A pipeline approach for the rational design of neuronal lineage conversion approaches to treat neurological disorders
"Aubert, Isabelle",A pipeline approach for the rational design of neuronal lineage conversion approaches to treat neurological disorders
"del Sol, Antonio",A pipeline approach for the rational design of neuronal lineage conversion approaches to treat neurological disorders
"Kurrasch, Deborah",A pipeline approach for the rational design of neuronal lineage conversion approaches to treat neurological disorders
"Mattar, Pierre",A pipeline approach for the rational design of neuronal lineage conversion approaches to treat neurological disorders
"McLaurin, JoAnne",A pipeline approach for the rational design of neuronal lineage conversion approaches to treat neurological disorders
"Morshead, Cindi",A pipeline approach for the rational design of neuronal lineage conversion approaches to treat neurological disorders
"Near, James",A pipeline approach for the rational design of neuronal lineage conversion approaches to treat neurological disorders
"Slavcev, Roderick",A pipeline approach for the rational design of neuronal lineage conversion approaches to treat neurological disorders
"Stefanovic, Bojana",A pipeline approach for the rational design of neuronal lineage conversion approaches to treat neurological disorders
"Badea, Ildiko",A pipeline approach for the rational design of neuronal lineage conversion approaches to treat neurological disorders
"Bethell, Jennifer",A pipeline approach for the rational design of neuronal lineage conversion approaches to treat neurological disorders
"Blakney, Anna",A pipeline approach for the rational design of neuronal lineage conversion approaches to treat neurological disorders
"Castro, Diogo",A pipeline approach for the rational design of neuronal lineage conversion approaches to treat neurological disorders
"Drouin-Ouellet, Janelle",A pipeline approach for the rational design of neuronal lineage conversion approaches to treat neurological disorders
"Gibbings, Derrick",A pipeline approach for the rational design of neuronal lineage conversion approaches to treat neurological disorders
"Götz, Magdalena",A pipeline approach for the rational design of neuronal lineage conversion approaches to treat neurological disorders
"Hynynen, Kullervo",A pipeline approach for the rational design of neuronal lineage conversion approaches to treat neurological disorders
"Jacobs-LeVan, Julia",A pipeline approach for the rational design of neuronal lineage conversion approaches to treat neurological disorders
"Leong, Hon",A pipeline approach for the rational design of neuronal lineage conversion approaches to treat neurological disorders
"McAiney, Carrie",A pipeline approach for the rational design of neuronal lineage conversion approaches to treat neurological disorders
"Ogbogu, Ubaka",A pipeline approach for the rational design of neuronal lineage conversion approaches to treat neurological disorders
"Stricker, Stefan",A pipeline approach for the rational design of neuronal lineage conversion approaches to treat neurological disorders
"Yang, Guang",A pipeline approach for the rational design of neuronal lineage conversion approaches to treat neurological disorders
"Sinton, David",CANSTOREnergy: Seasonal storage of renewable energy
"Higgins, Drew",CANSTOREnergy: Seasonal storage of renewable energy
"MacLean, Heather",CANSTOREnergy: Seasonal storage of renewable energy
"Neville, Kate",CANSTOREnergy: Seasonal storage of renewable energy
"Azimi, Gisele",CANSTOREnergy: Seasonal storage of renewable energy
"Bazylak, Aimy",CANSTOREnergy: Seasonal storage of renewable energy
"Bergerson, Joule",CANSTOREnergy: Seasonal storage of renewable energy
"Berlinguette, Curtis",CANSTOREnergy: Seasonal storage of renewable energy
"Besco, Laurel",CANSTOREnergy: Seasonal storage of renewable energy
"Birss, Viola",CANSTOREnergy: Seasonal storage of renewable energy
"Bullock, Ryan",CANSTOREnergy: Seasonal storage of renewable energy
"Franco, April",CANSTOREnergy: Seasonal storage of renewable energy
"Galloway, Tracey",CANSTOREnergy: Seasonal storage of renewable energy
"Hoicka, Christina",CANSTOREnergy: Seasonal storage of renewable energy
"Papineau, Maya",CANSTOREnergy: Seasonal storage of renewable energy
"Ross, Michael",CANSTOREnergy: Seasonal storage of renewable energy
"Sargent, Edward",CANSTOREnergy: Seasonal storage of renewable energy
"Seferos, Dwight",CANSTOREnergy: Seasonal storage of renewable energy
"Silas, David",CANSTOREnergy: Seasonal storage of renewable energy
"Singh, Chandra Veer",CANSTOREnergy: Seasonal storage of renewable energy
"Teelucksingh, Cheryl",CANSTOREnergy: Seasonal storage of renewable energy
"Wu, Yimin",CANSTOREnergy: Seasonal storage of renewable energy
"Zurba, Melanie",CANSTOREnergy: Seasonal storage of renewable energy
"Andre, Shane",CANSTOREnergy: Seasonal storage of renewable energy
"Baker, Sarah E.",CANSTOREnergy: Seasonal storage of renewable energy
"Casimirri, Giuliana",CANSTOREnergy: Seasonal storage of renewable energy
"Cathcart, Chad",CANSTOREnergy: Seasonal storage of renewable energy
"Christie-Burns, Heather",CANSTOREnergy: Seasonal storage of renewable energy
"Cullen, Bill",CANSTOREnergy: Seasonal storage of renewable energy
"Cumming, Rob",CANSTOREnergy: Seasonal storage of renewable energy
"Hagelqvist, Niels Erik",CANSTOREnergy: Seasonal storage of renewable energy
"Hall, Andrew",CANSTOREnergy: Seasonal storage of renewable energy
"Holmes, Geoff",CANSTOREnergy: Seasonal storage of renewable energy
"Kirby, Peter",CANSTOREnergy: Seasonal storage of renewable energy
"LeClair, Kerry",CANSTOREnergy: Seasonal storage of renewable energy
"Li, Fengwang",CANSTOREnergy: Seasonal storage of renewable energy
"MacDowell, Niall",CANSTOREnergy: Seasonal storage of renewable energy
"Pereira, Bruno",CANSTOREnergy: Seasonal storage of renewable energy
"Reed, Marty",CANSTOREnergy: Seasonal storage of renewable energy
"Reimer, Alice",CANSTOREnergy: Seasonal storage of renewable energy
"Roldán Cuenya, Beatriz",CANSTOREnergy: Seasonal storage of renewable energy
"Tizya-Tramm, Erika",CANSTOREnergy: Seasonal storage of renewable energy
"Hebert, Paul",BIOSCAN: Tracing the Patterns of Life on a Changing Planet
"Baum, Julia",BIOSCAN: Tracing the Patterns of Life on a Changing Planet
"Castle, David",BIOSCAN: Tracing the Patterns of Life on a Changing Planet
"Chang, Angel",BIOSCAN: Tracing the Patterns of Life on a Changing Planet
"Clare, Elizabeth",BIOSCAN: Tracing the Patterns of Life on a Changing Planet
"Cristescu, Melania",BIOSCAN: Tracing the Patterns of Life on a Changing Planet
"Godfray, Charles",BIOSCAN: Tracing the Patterns of Life on a Changing Planet
"Gonzalez, Andrew",BIOSCAN: Tracing the Patterns of Life on a Changing Planet
"Hajibabaei, Mehrdad",BIOSCAN: Tracing the Patterns of Life on a Changing Planet
"Janzen, Daniel",BIOSCAN: Tracing the Patterns of Life on a Changing Planet
"Lawniczak, Mara",BIOSCAN: Tracing the Patterns of Life on a Changing Planet
"Leese, Florian",BIOSCAN: Tracing the Patterns of Life on a Changing Planet
"Ovaskainen, Otso",BIOSCAN: Tracing the Patterns of Life on a Changing Planet
"Ozsu, M. Tamer",BIOSCAN: Tracing the Patterns of Life on a Changing Planet
"Taylor, Graham",BIOSCAN: Tracing the Patterns of Life on a Changing Planet
"Vogler, Alfried",BIOSCAN: Tracing the Patterns of Life on a Changing Planet
"Ahmed, Nazeer",BIOSCAN: Tracing the Patterns of Life on a Changing Planet
"Bou Dagher Kharrat, Magda",BIOSCAN: Tracing the Patterns of Life on a Changing Planet
"Butcher, Buntika",BIOSCAN: Tracing the Patterns of Life on a Changing Planet
"Costa, Filipe",BIOSCAN: Tracing the Patterns of Life on a Changing Planet
"Dapporto, Leonardo",BIOSCAN: Tracing the Patterns of Life on a Changing Planet
"Deiner, Kristy",BIOSCAN: Tracing the Patterns of Life on a Changing Planet
"Ekrem, Torbjorn",BIOSCAN: Tracing the Patterns of Life on a Changing Planet
"Fieguth, Paul",BIOSCAN: Tracing the Patterns of Life on a Changing Planet
"Fontanilla, Ian Kendrich",BIOSCAN: Tracing the Patterns of Life on a Changing Planet
"Gonzalez, Mailyn",BIOSCAN: Tracing the Patterns of Life on a Changing Planet
"Grabowski, Michał",BIOSCAN: Tracing the Patterns of Life on a Changing Planet
"Green, Stephanie",BIOSCAN: Tracing the Patterns of Life on a Changing Planet
"Hausmann, Axel",BIOSCAN: Tracing the Patterns of Life on a Changing Planet
"Hollingsworth, Peter",BIOSCAN: Tracing the Patterns of Life on a Changing Planet
"Ichim, Mihael",BIOSCAN: Tracing the Patterns of Life on a Changing Planet
"Janion-Scheepers, Charlene",BIOSCAN: Tracing the Patterns of Life on a Changing Planet
"Kari, Lila",BIOSCAN: Tracing the Patterns of Life on a Changing Planet
"Kautmanova, Ivona",BIOSCAN: Tracing the Patterns of Life on a Changing Planet
"Keskin, Emre",BIOSCAN: Tracing the Patterns of Life on a Changing Planet
"Layton, Kara",BIOSCAN: Tracing the Patterns of Life on a Changing Planet
"Lindo, Zoe",BIOSCAN: Tracing the Patterns of Life on a Changing Planet
"Lipinskaya, Tatsiana",BIOSCAN: Tracing the Patterns of Life on a Changing Planet
"Liu, Chenxi",BIOSCAN: Tracing the Patterns of Life on a Changing Planet
"McIlwraith, Thomas",BIOSCAN: Tracing the Patterns of Life on a Changing Planet
"Miller, Scott",BIOSCAN: Tracing the Patterns of Life on a Changing Planet
"Oliveira, Guilherme",BIOSCAN: Tracing the Patterns of Life on a Changing Planet
"Packer, Laurence",BIOSCAN: Tracing the Patterns of Life on a Changing Planet
"Pawlowski, Jan",BIOSCAN: Tracing the Patterns of Life on a Changing Planet
"Ramirez, Rina",BIOSCAN: Tracing the Patterns of Life on a Changing Planet
"Rehan, Sandra",BIOSCAN: Tracing the Patterns of Life on a Changing Planet
"Rougerie, Rodolphe",BIOSCAN: Tracing the Patterns of Life on a Changing Planet
"Stevens, Mark",BIOSCAN: Tracing the Patterns of Life on a Changing Planet
"Szucsich, Nikolaus",BIOSCAN: Tracing the Patterns of Life on a Changing Planet
"Tremblay, Crystal",BIOSCAN: Tracing the Patterns of Life on a Changing Planet
"Tubaro, Pablo",BIOSCAN: Tracing the Patterns of Life on a Changing Planet
"Valdez-Moreno, Martha Elena",BIOSCAN: Tracing the Patterns of Life on a Changing Planet
"van der Bank, Michelle",BIOSCAN: Tracing the Patterns of Life on a Changing Planet
"Wood, Susie",BIOSCAN: Tracing the Patterns of Life on a Changing Planet
"Chandra, Kailash",BIOSCAN: Tracing the Patterns of Life on a Changing Planet
"Day, Andrew",BIOSCAN: Tracing the Patterns of Life on a Changing Planet
"Fishback, Leanne",BIOSCAN: Tracing the Patterns of Life on a Changing Planet
"Hendriks, Elizabeth",BIOSCAN: Tracing the Patterns of Life on a Changing Planet
"Hogg, Ian",BIOSCAN: Tracing the Patterns of Life on a Changing Planet
"Korlach, Jonas",BIOSCAN: Tracing the Patterns of Life on a Changing Planet
"Lacroix, Colette",BIOSCAN: Tracing the Patterns of Life on a Changing Planet
"Leclerc, Yves",BIOSCAN: Tracing the Patterns of Life on a Changing Planet
"Macdonald, Tara",BIOSCAN: Tracing the Patterns of Life on a Changing Planet
"Marcotte, Michele",BIOSCAN: Tracing the Patterns of Life on a Changing Planet
"McDivitt, Tina",BIOSCAN: Tracing the Patterns of Life on a Changing Planet
"Miller, Joseph",BIOSCAN: Tracing the Patterns of Life on a Changing Planet
"Mizrachi, Illene",BIOSCAN: Tracing the Patterns of Life on a Changing Planet
"Ozdemiroglu, Ece",BIOSCAN: Tracing the Patterns of Life on a Changing Planet
"Peterson, Eric",BIOSCAN: Tracing the Patterns of Life on a Changing Planet
"Ratnasingham, Sujeevan",BIOSCAN: Tracing the Patterns of Life on a Changing Planet
"Roslin, Tomas",BIOSCAN: Tracing the Patterns of Life on a Changing Planet
"Seutin, Gilles",BIOSCAN: Tracing the Patterns of Life on a Changing Planet
"Shimura, Junko",BIOSCAN: Tracing the Patterns of Life on a Changing Planet
"Parlee, Brenda",Ărramăt: Strengthening Health and Well-Being through Indigenous-Led Conservation and Sustainable Relationships with Biodiversity
"Humphries, Murray",Ărramăt: Strengthening Health and Well-Being through Indigenous-Led Conservation and Sustainable Relationships with Biodiversity
"Littlechild, Danika",Ărramăt: Strengthening Health and Well-Being through Indigenous-Led Conservation and Sustainable Relationships with Biodiversity
"O'Neil, John",Ărramăt: Strengthening Health and Well-Being through Indigenous-Led Conservation and Sustainable Relationships with Biodiversity
"Pictou, Sherry",Ărramăt: Strengthening Health and Well-Being through Indigenous-Led Conservation and Sustainable Relationships with Biodiversity
"Wallet Mohamed Aboubakrine, Mariam",Ărramăt: Strengthening Health and Well-Being through Indigenous-Led Conservation and Sustainable Relationships with Biodiversity
"ⴱⵓⵣⴰⵅⵅⴰⵔ Bouzakhar, ⵎⴰⴷⵖⵉⵙ Madghis",Ărramăt: Strengthening Health and Well-Being through Indigenous-Led Conservation and Sustainable Relationships with Biodiversity
"Abele, Frances",Ărramăt: Strengthening Health and Well-Being through Indigenous-Led Conservation and Sustainable Relationships with Biodiversity
"Ahkimnachie, Kevin",Ărramăt: Strengthening Health and Well-Being through Indigenous-Led Conservation and Sustainable Relationships with Biodiversity
"Arbachakov, Alexander",Ărramăt: Strengthening Health and Well-Being through Indigenous-Led Conservation and Sustainable Relationships with Biodiversity
"Argumedo, Alejandro",Ărramăt: Strengthening Health and Well-Being through Indigenous-Led Conservation and Sustainable Relationships with Biodiversity
"BADI, Dida",Ărramăt: Strengthening Health and Well-Being through Indigenous-Led Conservation and Sustainable Relationships with Biodiversity
"Berkes, Fikret",Ărramăt: Strengthening Health and Well-Being through Indigenous-Led Conservation and Sustainable Relationships with Biodiversity
"Carroll, Clint",Ărramăt: Strengthening Health and Well-Being through Indigenous-Led Conservation and Sustainable Relationships with Biodiversity
"Charles, Anthony",Ărramăt: Strengthening Health and Well-Being through Indigenous-Led Conservation and Sustainable Relationships with Biodiversity
"Choque Quispe, María Eugenia",Ărramăt: Strengthening Health and Well-Being through Indigenous-Led Conservation and Sustainable Relationships with Biodiversity
"Clark, Douglas",Ărramăt: Strengthening Health and Well-Being through Indigenous-Led Conservation and Sustainable Relationships with Biodiversity
"Courtois, Valérie",Ărramăt: Strengthening Health and Well-Being through Indigenous-Led Conservation and Sustainable Relationships with Biodiversity
"Cunsolo, Ashlee",Ărramăt: Strengthening Health and Well-Being through Indigenous-Led Conservation and Sustainable Relationships with Biodiversity
"Davidson-Hunt, Iain",Ărramăt: Strengthening Health and Well-Being through Indigenous-Led Conservation and Sustainable Relationships with Biodiversity
"Delormier, Treena",Ărramăt: Strengthening Health and Well-Being through Indigenous-Led Conservation and Sustainable Relationships with Biodiversity
"Ekka, Vincent",Ărramăt: Strengthening Health and Well-Being through Indigenous-Led Conservation and Sustainable Relationships with Biodiversity
"Furgal, Christopher",Ărramăt: Strengthening Health and Well-Being through Indigenous-Led Conservation and Sustainable Relationships with Biodiversity
"Gandiwa, Edson",Ărramăt: Strengthening Health and Well-Being through Indigenous-Led Conservation and Sustainable Relationships with Biodiversity
"Goddard, Ellen",Ărramăt: Strengthening Health and Well-Being through Indigenous-Led Conservation and Sustainable Relationships with Biodiversity
"Harper, Sherilee",Ărramăt: Strengthening Health and Well-Being through Indigenous-Led Conservation and Sustainable Relationships with Biodiversity
"jojo, Bipin",Ărramăt: Strengthening Health and Well-Being through Indigenous-Led Conservation and Sustainable Relationships with Biodiversity
"Jones, Carwyn",Ărramăt: Strengthening Health and Well-Being through Indigenous-Led Conservation and Sustainable Relationships with Biodiversity
"Kutz, Susan",Ărramăt: Strengthening Health and Well-Being through Indigenous-Led Conservation and Sustainable Relationships with Biodiversity
"Lantz, Trevor",Ărramăt: Strengthening Health and Well-Being through Indigenous-Led Conservation and Sustainable Relationships with Biodiversity
"McKenzie, Debbie",Ărramăt: Strengthening Health and Well-Being through Indigenous-Led Conservation and Sustainable Relationships with Biodiversity
"Meinzen-Dick, Ruth",Ărramăt: Strengthening Health and Well-Being through Indigenous-Led Conservation and Sustainable Relationships with Biodiversity
"Melgar-Quinonez, Hugo",Ărramăt: Strengthening Health and Well-Being through Indigenous-Led Conservation and Sustainable Relationships with Biodiversity
"Moola, Faisal",Ărramăt: Strengthening Health and Well-Being through Indigenous-Led Conservation and Sustainable Relationships with Biodiversity
"Mustonen, Tero",Ărramăt: Strengthening Health and Well-Being through Indigenous-Led Conservation and Sustainable Relationships with Biodiversity
"Napoleon, Val",Ărramăt: Strengthening Health and Well-Being through Indigenous-Led Conservation and Sustainable Relationships with Biodiversity
"Nayak, Prateep",Ărramăt: Strengthening Health and Well-Being through Indigenous-Led Conservation and Sustainable Relationships with Biodiversity
"Ngamane, Liane",Ărramăt: Strengthening Health and Well-Being through Indigenous-Led Conservation and Sustainable Relationships with Biodiversity
"Parkins, John",Ărramăt: Strengthening Health and Well-Being through Indigenous-Led Conservation and Sustainable Relationships with Biodiversity
"Poesch, Mark",Ărramăt: Strengthening Health and Well-Being through Indigenous-Led Conservation and Sustainable Relationships with Biodiversity
"Popp, Jesse",Ărramăt: Strengthening Health and Well-Being through Indigenous-Led Conservation and Sustainable Relationships with Biodiversity
"Porter, Corrine",Ărramăt: Strengthening Health and Well-Being through Indigenous-Led Conservation and Sustainable Relationships with Biodiversity
"Pulsifer, Peter",Ărramăt: Strengthening Health and Well-Being through Indigenous-Led Conservation and Sustainable Relationships with Biodiversity
"Reid, Andrea",Ărramăt: Strengthening Health and Well-Being through Indigenous-Led Conservation and Sustainable Relationships with Biodiversity
"Roth, Robin",Ărramăt: Strengthening Health and Well-Being through Indigenous-Led Conservation and Sustainable Relationships with Biodiversity
"Sanogo, Rokia",Ărramăt: Strengthening Health and Well-Being through Indigenous-Led Conservation and Sustainable Relationships with Biodiversity
"Schmiegelow, Fiona",Ărramăt: Strengthening Health and Well-Being through Indigenous-Led Conservation and Sustainable Relationships with Biodiversity
"Scott, Nigel",Ărramăt: Strengthening Health and Well-Being through Indigenous-Led Conservation and Sustainable Relationships with Biodiversity
"Silvano, Renato",Ărramăt: Strengthening Health and Well-Being through Indigenous-Led Conservation and Sustainable Relationships with Biodiversity
"Simao Seixas, Cristiana",Ărramăt: Strengthening Health and Well-Being through Indigenous-Led Conservation and Sustainable Relationships with Biodiversity
"Simmons, Deborah",Ărramăt: Strengthening Health and Well-Being through Indigenous-Led Conservation and Sustainable Relationships with Biodiversity
"Southcott, Chris",Ărramăt: Strengthening Health and Well-Being through Indigenous-Led Conservation and Sustainable Relationships with Biodiversity
"Swiderska, Krystyna",Ărramăt: Strengthening Health and Well-Being through Indigenous-Led Conservation and Sustainable Relationships with Biodiversity
"TallBear-Dauphine, Kimberly",Ărramăt: Strengthening Health and Well-Being through Indigenous-Led Conservation and Sustainable Relationships with Biodiversity
"Trakansuphakon, Prasert",Ărramăt: Strengthening Health and Well-Being through Indigenous-Led Conservation and Sustainable Relationships with Biodiversity
"Wesche, Sonia",Ărramăt: Strengthening Health and Well-Being through Indigenous-Led Conservation and Sustainable Relationships with Biodiversity
"Willows, Noreen",Ărramăt: Strengthening Health and Well-Being through Indigenous-Led Conservation and Sustainable Relationships with Biodiversity
"Ahnassay, James",Ărramăt: Strengthening Health and Well-Being through Indigenous-Led Conservation and Sustainable Relationships with Biodiversity
"Alook, Sharlene",Ărramăt: Strengthening Health and Well-Being through Indigenous-Led Conservation and Sustainable Relationships with Biodiversity
"Andreeva, Tamara",Ărramăt: Strengthening Health and Well-Being through Indigenous-Led Conservation and Sustainable Relationships with Biodiversity
"Andrew, Leon",Ărramăt: Strengthening Health and Well-Being through Indigenous-Led Conservation and Sustainable Relationships with Biodiversity
"Arbachakov, Luba",Ărramăt: Strengthening Health and Well-Being through Indigenous-Led Conservation and Sustainable Relationships with Biodiversity
"Badger, Jim",Ărramăt: Strengthening Health and Well-Being through Indigenous-Led Conservation and Sustainable Relationships with Biodiversity
"Baker, Kukik",Ărramăt: Strengthening Health and Well-Being through Indigenous-Led Conservation and Sustainable Relationships with Biodiversity
"Barla, Nicholas",Ărramăt: Strengthening Health and Well-Being through Indigenous-Led Conservation and Sustainable Relationships with Biodiversity
"Bartis, Jami",Ărramăt: Strengthening Health and Well-Being through Indigenous-Led Conservation and Sustainable Relationships with Biodiversity
"Baxter, Jennifer Fresque",Ărramăt: Strengthening Health and Well-Being through Indigenous-Led Conservation and Sustainable Relationships with Biodiversity
"Betsina, Ernest",Ărramăt: Strengthening Health and Well-Being through Indigenous-Led Conservation and Sustainable Relationships with Biodiversity
"Blondi-Andrew, Ethel",Ărramăt: Strengthening Health and Well-Being through Indigenous-Led Conservation and Sustainable Relationships with Biodiversity
"Catholique, JC",Ărramăt: Strengthening Health and Well-Being through Indigenous-Led Conservation and Sustainable Relationships with Biodiversity
"Chowdhury, Ashok",Ărramăt: Strengthening Health and Well-Being through Indigenous-Led Conservation and Sustainable Relationships with Biodiversity
"Coxon, Angela",Ărramăt: Strengthening Health and Well-Being through Indigenous-Led Conservation and Sustainable Relationships with Biodiversity
"Crowshoe, Reg",Ărramăt: Strengthening Health and Well-Being through Indigenous-Led Conservation and Sustainable Relationships with Biodiversity
"Davis, Tane",Ărramăt: Strengthening Health and Well-Being through Indigenous-Led Conservation and Sustainable Relationships with Biodiversity
"Diallo, Aminata",Ărramăt: Strengthening Health and Well-Being through Indigenous-Led Conservation and Sustainable Relationships with Biodiversity
"Drygeese, Dennis",Ărramăt: Strengthening Health and Well-Being through Indigenous-Led Conservation and Sustainable Relationships with Biodiversity
"Duguid, Scott",Ărramăt: Strengthening Health and Well-Being through Indigenous-Led Conservation and Sustainable Relationships with Biodiversity
"Emery, Marla",Ărramăt: Strengthening Health and Well-Being through Indigenous-Led Conservation and Sustainable Relationships with Biodiversity
"Feodoroff, Pauliina",Ărramăt: Strengthening Health and Well-Being through Indigenous-Led Conservation and Sustainable Relationships with Biodiversity
"Fernández de Larrinoa, Yon",Ărramăt: Strengthening Health and Well-Being through Indigenous-Led Conservation and Sustainable Relationships with Biodiversity
"Filmer-Wilson, Emilie",Ărramăt: Strengthening Health and Well-Being through Indigenous-Led Conservation and Sustainable Relationships with Biodiversity
"Fox, Shari",Ărramăt: Strengthening Health and Well-Being through Indigenous-Led Conservation and Sustainable Relationships with Biodiversity
"Fraser, Taylor",Ărramăt: Strengthening Health and Well-Being through Indigenous-Led Conservation and Sustainable Relationships with Biodiversity
"Gilbert, Gregor",Ărramăt: Strengthening Health and Well-Being through Indigenous-Led Conservation and Sustainable Relationships with Biodiversity
"Giroux, Diane",Ărramăt: Strengthening Health and Well-Being through Indigenous-Led Conservation and Sustainable Relationships with Biodiversity
"Gislason, Maya",Ărramăt: Strengthening Health and Well-Being through Indigenous-Led Conservation and Sustainable Relationships with Biodiversity
"Glanfield, Florence",Ărramăt: Strengthening Health and Well-Being through Indigenous-Led Conservation and Sustainable Relationships with Biodiversity
"Gómez, Amaranta",Ărramăt: Strengthening Health and Well-Being through Indigenous-Led Conservation and Sustainable Relationships with Biodiversity
"Goupil, Sébastien",Ărramăt: Strengthening Health and Well-Being through Indigenous-Led Conservation and Sustainable Relationships with Biodiversity
"Guttorm, Hanna",Ărramăt: Strengthening Health and Well-Being through Indigenous-Led Conservation and Sustainable Relationships with Biodiversity
"Hogan, Joella",Ărramăt: Strengthening Health and Well-Being through Indigenous-Led Conservation and Sustainable Relationships with Biodiversity
"Hogue, Michelle",Ărramăt: Strengthening Health and Well-Being through Indigenous-Led Conservation and Sustainable Relationships with Biodiversity
"Huntington, Henry",Ărramăt: Strengthening Health and Well-Being through Indigenous-Led Conservation and Sustainable Relationships with Biodiversity
"Joseph, Serena",Ărramăt: Strengthening Health and Well-Being through Indigenous-Led Conservation and Sustainable Relationships with Biodiversity
"Kirmayer, Laurence",Ărramăt: Strengthening Health and Well-Being through Indigenous-Led Conservation and Sustainable Relationships with Biodiversity
"Kolopenuk, Jessica",Ărramăt: Strengthening Health and Well-Being through Indigenous-Led Conservation and Sustainable Relationships with Biodiversity
"Kuhnlein, Harriet",Ărramăt: Strengthening Health and Well-Being through Indigenous-Led Conservation and Sustainable Relationships with Biodiversity
"Lafferty, George",Ărramăt: Strengthening Health and Well-Being through Indigenous-Led Conservation and Sustainable Relationships with Biodiversity
"Lam, Jen",Ărramăt: Strengthening Health and Well-Being through Indigenous-Led Conservation and Sustainable Relationships with Biodiversity
"Lepine, Melody",Ărramăt: Strengthening Health and Well-Being through Indigenous-Led Conservation and Sustainable Relationships with Biodiversity
"Littlechild, Josh",Ărramăt: Strengthening Health and Well-Being through Indigenous-Led Conservation and Sustainable Relationships with Biodiversity
"Loode, Olivier",Ărramăt: Strengthening Health and Well-Being through Indigenous-Led Conservation and Sustainable Relationships with Biodiversity
"Lord, Sarah",Ărramăt: Strengthening Health and Well-Being through Indigenous-Led Conservation and Sustainable Relationships with Biodiversity
"Low, Mike",Ărramăt: Strengthening Health and Well-Being through Indigenous-Led Conservation and Sustainable Relationships with Biodiversity
"Lowe, Lana",Ărramăt: Strengthening Health and Well-Being through Indigenous-Led Conservation and Sustainable Relationships with Biodiversity
"Lu, Dau-Jaye",Ărramăt: Strengthening Health and Well-Being through Indigenous-Led Conservation and Sustainable Relationships with Biodiversity
"Lyver, Phil",Ărramăt: Strengthening Health and Well-Being through Indigenous-Led Conservation and Sustainable Relationships with Biodiversity
"Malik, Roma",Ărramăt: Strengthening Health and Well-Being through Indigenous-Led Conservation and Sustainable Relationships with Biodiversity
"Malinen, Sanna",Ărramăt: Strengthening Health and Well-Being through Indigenous-Led Conservation and Sustainable Relationships with Biodiversity
"Michel, Laura Jane",Ărramăt: Strengthening Health and Well-Being through Indigenous-Led Conservation and Sustainable Relationships with Biodiversity
"Moctar, Abdourahmane Ag",Ărramăt: Strengthening Health and Well-Being through Indigenous-Led Conservation and Sustainable Relationships with Biodiversity
"Mustonen, Kaisu",Ărramăt: Strengthening Health and Well-Being through Indigenous-Led Conservation and Sustainable Relationships with Biodiversity
"Napoleon, Art",Ărramăt: Strengthening Health and Well-Being through Indigenous-Led Conservation and Sustainable Relationships with Biodiversity
"Noskey, Arthur",Ărramăt: Strengthening Health and Well-Being through Indigenous-Led Conservation and Sustainable Relationships with Biodiversity
"Pascal, Wanda",Ărramăt: Strengthening Health and Well-Being through Indigenous-Led Conservation and Sustainable Relationships with Biodiversity
"Pictou, Kara",Ărramăt: Strengthening Health and Well-Being through Indigenous-Led Conservation and Sustainable Relationships with Biodiversity
"Pokiak, Frank",Ărramăt: Strengthening Health and Well-Being through Indigenous-Led Conservation and Sustainable Relationships with Biodiversity
"Porsanger, Jelena",Ărramăt: Strengthening Health and Well-Being through Indigenous-Led Conservation and Sustainable Relationships with Biodiversity
"Provost, Ira",Ărramăt: Strengthening Health and Well-Being through Indigenous-Led Conservation and Sustainable Relationships with Biodiversity
"Raygorodetsky, Gleb",Ărramăt: Strengthening Health and Well-Being through Indigenous-Led Conservation and Sustainable Relationships with Biodiversity
"Reece, Cleo",Ărramăt: Strengthening Health and Well-Being through Indigenous-Led Conservation and Sustainable Relationships with Biodiversity
"Roe, Dilys",Ărramăt: Strengthening Health and Well-Being through Indigenous-Led Conservation and Sustainable Relationships with Biodiversity
"Roth, Geoffrey",Ărramăt: Strengthening Health and Well-Being through Indigenous-Led Conservation and Sustainable Relationships with Biodiversity
"Seurujarvi, Irja",Ărramăt: Strengthening Health and Well-Being through Indigenous-Led Conservation and Sustainable Relationships with Biodiversity
"Silan (GAO), Wasiq (I-An 高怡安)",Ărramăt: Strengthening Health and Well-Being through Indigenous-Led Conservation and Sustainable Relationships with Biodiversity
"Siwik, Paula",Ărramăt: Strengthening Health and Well-Being through Indigenous-Led Conservation and Sustainable Relationships with Biodiversity
"Snowshoe, Sharon",Ărramăt: Strengthening Health and Well-Being through Indigenous-Led Conservation and Sustainable Relationships with Biodiversity
"Ticktin, Tamara",Ărramăt: Strengthening Health and Well-Being through Indigenous-Led Conservation and Sustainable Relationships with Biodiversity
"Trakansuphakon, Nutdanai",Ărramăt: Strengthening Health and Well-Being through Indigenous-Led Conservation and Sustainable Relationships with Biodiversity
"Tsannie, Joseph",Ărramăt: Strengthening Health and Well-Being through Indigenous-Led Conservation and Sustainable Relationships with Biodiversity
"Turner, Nancy",Ărramăt: Strengthening Health and Well-Being through Indigenous-Led Conservation and Sustainable Relationships with Biodiversity
"Weisheit, Anke",Ărramăt: Strengthening Health and Well-Being through Indigenous-Led Conservation and Sustainable Relationships with Biodiversity
"Wrona, Fred",Ărramăt: Strengthening Health and Well-Being through Indigenous-Led Conservation and Sustainable Relationships with Biodiversity
"Yawanawà, Tashka",Ărramăt: Strengthening Health and Well-Being through Indigenous-Led Conservation and Sustainable Relationships with Biodiversity
"Yawanawà, Laura",Ărramăt: Strengthening Health and Well-Being through Indigenous-Led Conservation and Sustainable Relationships with Biodiversity
"Yellowbird, Kacey",Ărramăt: Strengthening Health and Well-Being through Indigenous-Led Conservation and Sustainable Relationships with Biodiversity
"Zapeta, Teresa",Ărramăt: Strengthening Health and Well-Being through Indigenous-Led Conservation and Sustainable Relationships with Biodiversity
"Zinsstag, Jakob",Ărramăt: Strengthening Health and Well-Being through Indigenous-Led Conservation and Sustainable Relationships with Biodiversity
"Zoe, John B.",Ărramăt: Strengthening Health and Well-Being through Indigenous-Led Conservation and Sustainable Relationships with Biodiversity
"Madden, John",Mend the Gap: A Transformative Biomaterials Platform for Spinal Cord Repair
"Cheung, Karen",Mend the Gap: A Transformative Biomaterials Platform for Spinal Cord Repair
"De Laporte, Laura",Mend the Gap: A Transformative Biomaterials Platform for Spinal Cord Repair
"Fouad, Karim",Mend the Gap: A Transformative Biomaterials Platform for Spinal Cord Repair
"Fournier, Alyson",Mend the Gap: A Transformative Biomaterials Platform for Spinal Cord Repair
"Illes, Judy",Mend the Gap: A Transformative Biomaterials Platform for Spinal Cord Repair
"Kwon, Brian",Mend the Gap: A Transformative Biomaterials Platform for Spinal Cord Repair
"MacLachlan, Mark",Mend the Gap: A Transformative Biomaterials Platform for Spinal Cord Repair
"Rohling, Robert",Mend the Gap: A Transformative Biomaterials Platform for Spinal Cord Repair
"Shahriari, Dena",Mend the Gap: A Transformative Biomaterials Platform for Spinal Cord Repair
"Shoichet, Molly",Mend the Gap: A Transformative Biomaterials Platform for Spinal Cord Repair
"Tetzlaff, Wolfram",Mend the Gap: A Transformative Biomaterials Platform for Spinal Cord Repair
"Wallace, Gordon",Mend the Gap: A Transformative Biomaterials Platform for Spinal Cord Repair
"Wolf, Michael",Mend the Gap: A Transformative Biomaterials Platform for Spinal Cord Repair
"Yang, Victor",Mend the Gap: A Transformative Biomaterials Platform for Spinal Cord Repair
"Ye, Ziliang",Mend the Gap: A Transformative Biomaterials Platform for Spinal Cord Repair
"Berger, Michael",Mend the Gap: A Transformative Biomaterials Platform for Spinal Cord Repair
"Cretu, Edmond",Mend the Gap: A Transformative Biomaterials Platform for Spinal Cord Repair
"Göritz, Christian",Mend the Gap: A Transformative Biomaterials Platform for Spinal Cord Repair
"Ko, Frank",Mend the Gap: A Transformative Biomaterials Platform for Spinal Cord Repair
"Laule, Cornelia",Mend the Gap: A Transformative Biomaterials Platform for Spinal Cord Repair
"Maine, Elicia",Mend the Gap: A Transformative Biomaterials Platform for Spinal Cord Repair
"Rossi, Fabio",Mend the Gap: A Transformative Biomaterials Platform for Spinal Cord Repair
"Shadgan, Babak",Mend the Gap: A Transformative Biomaterials Platform for Spinal Cord Repair
"Silver, Jerry",Mend the Gap: A Transformative Biomaterials Platform for Spinal Cord Repair
"Tour, James",Mend the Gap: A Transformative Biomaterials Platform for Spinal Cord Repair
"Willerth, Stephanie",Mend the Gap: A Transformative Biomaterials Platform for Spinal Cord Repair
"Hansen, Rick",Mend the Gap: A Transformative Biomaterials Platform for Spinal Cord Repair
"McBride, Chris",Mend the Gap: A Transformative Biomaterials Platform for Spinal Cord Repair
"Noonan, Vanessa",Mend the Gap: A Transformative Biomaterials Platform for Spinal Cord Repair
"Sorensen, Poul",Mend the Gap: A Transformative Biomaterials Platform for Spinal Cord Repair
"Steinø, Anne",Mend the Gap: A Transformative Biomaterials Platform for Spinal Cord Repair
"Tompa, Emile",Inclusive Design for Employment Access (IDEA)
"Gewurtz, Rebecca",Inclusive Design for Employment Access (IDEA)
"Bonyhady, Bruce",Inclusive Design for Employment Access (IDEA)
"Bruyere, Susanne",Inclusive Design for Employment Access (IDEA)
"Coppin, Peter",Inclusive Design for Employment Access (IDEA)
"Coutu, Marie-France",Inclusive Design for Employment Access (IDEA)
"Fleisig, Robert",Inclusive Design for Employment Access (IDEA)
"Gomez, Rafael",Inclusive Design for Employment Access (IDEA)
"Harlos, Karen",Inclusive Design for Employment Access (IDEA)
"Irvin, Emma",Inclusive Design for Employment Access (IDEA)
"Jetha, Arif",Inclusive Design for Employment Access (IDEA)
"Kondo, Takeo",Inclusive Design for Employment Access (IDEA)
"Kristman, Vicki",Inclusive Design for Employment Access (IDEA)
"Laberge, Marie",Inclusive Design for Employment Access (IDEA)
"Maisel, Jordana",Inclusive Design for Employment Access (IDEA)
"Marshall, Carrie Anne",Inclusive Design for Employment Access (IDEA)
"Moll, Sandra",Inclusive Design for Employment Access (IDEA)
"Sayin, Firat",Inclusive Design for Employment Access (IDEA)
"Smith-Merry, Jennifer",Inclusive Design for Employment Access (IDEA)
"Sukhai, Mahadeo",Inclusive Design for Employment Access (IDEA)
"Sultan-Taieb, Hélène",Inclusive Design for Employment Access (IDEA)
"Treviranus, Jutta",Inclusive Design for Employment Access (IDEA)
"Van Eerd, Dwayne",Inclusive Design for Employment Access (IDEA)
"Veres, Angelika",Inclusive Design for Employment Access (IDEA)
"Wyndham-West, Catherine",Inclusive Design for Employment Access (IDEA)
"Brown, David",Inclusive Design for Employment Access (IDEA)
"Buettgen, Alexis",Inclusive Design for Employment Access (IDEA)
"Carr, Krista",Inclusive Design for Employment Access (IDEA)
"Cukier, Wendy",Inclusive Design for Employment Access (IDEA)
"Farquhar, Alec",Inclusive Design for Employment Access (IDEA)
"Fung, Francis",Inclusive Design for Employment Access (IDEA)
"Gallant, Don",Inclusive Design for Employment Access (IDEA)
"Giulione, Joseph",Inclusive Design for Employment Access (IDEA)
"Graham, Ian",Inclusive Design for Employment Access (IDEA)
"Haan, Maureen",Inclusive Design for Employment Access (IDEA)
"Joseph, Collinda",Inclusive Design for Employment Access (IDEA)
"Lopez-Bastos, Emmanuelle",Inclusive Design for Employment Access (IDEA)
"MacDonald, Michael",Inclusive Design for Employment Access (IDEA)
"Maria, Ash",Inclusive Design for Employment Access (IDEA)
"Moser, Cindy",Inclusive Design for Employment Access (IDEA)
"Nord, Leah",Inclusive Design for Employment Access (IDEA)
"Sairanen, Sari",Inclusive Design for Employment Access (IDEA)
"Saouab, Abdou",Inclusive Design for Employment Access (IDEA)
"Smallman, Victoria",Inclusive Design for Employment Access (IDEA)
"Smith, Frank",Inclusive Design for Employment Access (IDEA)
"Sousa, Drew",Inclusive Design for Employment Access (IDEA)
"Tiano, Carmine",Inclusive Design for Employment Access (IDEA)
"Tobin, Steven",Inclusive Design for Employment Access (IDEA)
"Volpe, Flavio",Inclusive Design for Employment Access (IDEA)
"Vukovic, Boris",Inclusive Design for Employment Access (IDEA)
"Thomas, Raymond",Repurposing Marine By-Products or raw Materials for the Development and Production of Functional Foods and Bioactives to Improve Human Health and Coastal Community Sustainability
"Hawboldt, Kelly",Repurposing Marine By-Products or raw Materials for the Development and Production of Functional Foods and Bioactives to Improve Human Health and Coastal Community Sustainability
"Abbey, Lord",Repurposing Marine By-Products or raw Materials for the Development and Production of Functional Foods and Bioactives to Improve Human Health and Coastal Community Sustainability
"Blundell, Jacqueline",Repurposing Marine By-Products or raw Materials for the Development and Production of Functional Foods and Bioactives to Improve Human Health and Coastal Community Sustainability
"Breen, Jimmy",Repurposing Marine By-Products or raw Materials for the Development and Production of Functional Foods and Bioactives to Improve Human Health and Coastal Community Sustainability
"Carter, Ken",Repurposing Marine By-Products or raw Materials for the Development and Production of Functional Foods and Bioactives to Improve Human Health and Coastal Community Sustainability
"Cheema, Mumtaz",Repurposing Marine By-Products or raw Materials for the Development and Production of Functional Foods and Bioactives to Improve Human Health and Coastal Community Sustainability
"Cheema, Sukhinder",Repurposing Marine By-Products or raw Materials for the Development and Production of Functional Foods and Bioactives to Improve Human Health and Coastal Community Sustainability
"DANA, Leo",Repurposing Marine By-Products or raw Materials for the Development and Production of Functional Foods and Bioactives to Improve Human Health and Coastal Community Sustainability
"Del Buono, Nicoletta",Repurposing Marine By-Products or raw Materials for the Development and Production of Functional Foods and Bioactives to Improve Human Health and Coastal Community Sustainability
"Doody, Karen",Repurposing Marine By-Products or raw Materials for the Development and Production of Functional Foods and Bioactives to Improve Human Health and Coastal Community Sustainability
"Esposito, Flavia",Repurposing Marine By-Products or raw Materials for the Development and Production of Functional Foods and Bioactives to Improve Human Health and Coastal Community Sustainability
"Galagedara, Lakshman",Repurposing Marine By-Products or raw Materials for the Development and Production of Functional Foods and Bioactives to Improve Human Health and Coastal Community Sustainability
"Hall, Heather",Repurposing Marine By-Products or raw Materials for the Development and Production of Functional Foods and Bioactives to Improve Human Health and Coastal Community Sustainability
"Luhovyy, Bohdan",Repurposing Marine By-Products or raw Materials for the Development and Production of Functional Foods and Bioactives to Improve Human Health and Coastal Community Sustainability
"MacQuarrie, Stephanie",Repurposing Marine By-Products or raw Materials for the Development and Production of Functional Foods and Bioactives to Improve Human Health and Coastal Community Sustainability
"Miyawaki, Atsushi",Repurposing Marine By-Products or raw Materials for the Development and Production of Functional Foods and Bioactives to Improve Human Health and Coastal Community Sustainability
"Newell, William",Repurposing Marine By-Products or raw Materials for the Development and Production of Functional Foods and Bioactives to Improve Human Health and Coastal Community Sustainability
"Parrish, Christopher",Repurposing Marine By-Products or raw Materials for the Development and Production of Functional Foods and Bioactives to Improve Human Health and Coastal Community Sustainability
"Perez, Mery",Repurposing Marine By-Products or raw Materials for the Development and Production of Functional Foods and Bioactives to Improve Human Health and Coastal Community Sustainability
"Rise, Matthew",Repurposing Marine By-Products or raw Materials for the Development and Production of Functional Foods and Bioactives to Improve Human Health and Coastal Community Sustainability
"Santander, Javier",Repurposing Marine By-Products or raw Materials for the Development and Production of Functional Foods and Bioactives to Improve Human Health and Coastal Community Sustainability
"Tsoupras, Alexandros",Repurposing Marine By-Products or raw Materials for the Development and Production of Functional Foods and Bioactives to Improve Human Health and Coastal Community Sustainability
"Vodden, Kelly",Repurposing Marine By-Products or raw Materials for the Development and Production of Functional Foods and Bioactives to Improve Human Health and Coastal Community Sustainability
"Yurgel, Svetlana",Repurposing Marine By-Products or raw Materials for the Development and Production of Functional Foods and Bioactives to Improve Human Health and Coastal Community Sustainability
"Zabetakis, Ioannis",Repurposing Marine By-Products or raw Materials for the Development and Production of Functional Foods and Bioactives to Improve Human Health and Coastal Community Sustainability
"Baehre, Rainer",Repurposing Marine By-Products or raw Materials for the Development and Production of Functional Foods and Bioactives to Improve Human Health and Coastal Community Sustainability
"Basset, Fabian",Repurposing Marine By-Products or raw Materials for the Development and Production of Functional Foods and Bioactives to Improve Human Health and Coastal Community Sustainability
"Dave, Deepika",Repurposing Marine By-Products or raw Materials for the Development and Production of Functional Foods and Bioactives to Improve Human Health and Coastal Community Sustainability
"Randell, Edward",Repurposing Marine By-Products or raw Materials for the Development and Production of Functional Foods and Bioactives to Improve Human Health and Coastal Community Sustainability
"Reid, Brady",Repurposing Marine By-Products or raw Materials for the Development and Production of Functional Foods and Bioactives to Improve Human Health and Coastal Community Sustainability
"Crudden, Cathleen",Protection of Metallic Surfaces from Bulk to Nano Through Molecular-Level Innovation
"Capicciotti, Chantelle",Protection of Metallic Surfaces from Bulk to Nano Through Molecular-Level Innovation
"Mauzeroll, Janine",Protection of Metallic Surfaces from Bulk to Nano Through Molecular-Level Innovation
"Moreau, Christian",Protection of Metallic Surfaces from Bulk to Nano Through Molecular-Level Innovation
"Ragogna, Paul",Protection of Metallic Surfaces from Bulk to Nano Through Molecular-Level Innovation
"Zheng, Gang",Protection of Metallic Surfaces from Bulk to Nano Through Molecular-Level Innovation
"Baddeley, Christopher",Protection of Metallic Surfaces from Bulk to Nano Through Molecular-Level Innovation
"Häkkinen, Hannu",Protection of Metallic Surfaces from Bulk to Nano Through Molecular-Level Innovation
"Hedberg, Yolanda",Protection of Metallic Surfaces from Bulk to Nano Through Molecular-Level Innovation
"Heldebrant, David",Protection of Metallic Surfaces from Bulk to Nano Through Molecular-Level Innovation
"Holdcroft, Steven",Protection of Metallic Surfaces from Bulk to Nano Through Molecular-Level Innovation
"Koritzinsky, Marianne",Protection of Metallic Surfaces from Bulk to Nano Through Molecular-Level Innovation
"Levasseur, Annie",Protection of Metallic Surfaces from Bulk to Nano Through Molecular-Level Innovation
"McLean, Alastair",Protection of Metallic Surfaces from Bulk to Nano Through Molecular-Level Innovation
"Noël, James",Protection of Metallic Surfaces from Bulk to Nano Through Molecular-Level Innovation
"Stamplecoskie, Kevin",Protection of Metallic Surfaces from Bulk to Nano Through Molecular-Level Innovation
"Tsukuda, Tatsuya",Protection of Metallic Surfaces from Bulk to Nano Through Molecular-Level Innovation
"Wilson, Brian",Protection of Metallic Surfaces from Bulk to Nano Through Molecular-Level Innovation
"Zheng, Jie",Protection of Metallic Surfaces from Bulk to Nano Through Molecular-Level Innovation
"Amira, Sofiene",Protection of Metallic Surfaces from Bulk to Nano Through Molecular-Level Innovation
"Barry, Sean",Protection of Metallic Surfaces from Bulk to Nano Through Molecular-Level Innovation
"Berlin, Alejandro",Protection of Metallic Surfaces from Bulk to Nano Through Molecular-Level Innovation
"Brandys, Frank",Protection of Metallic Surfaces from Bulk to Nano Through Molecular-Level Innovation
"Chen, Xiaoyuan",Protection of Metallic Surfaces from Bulk to Nano Through Molecular-Level Innovation
"Clark, Timothy",Protection of Metallic Surfaces from Bulk to Nano Through Molecular-Level Innovation
"Clendenning, Scott",Protection of Metallic Surfaces from Bulk to Nano Through Molecular-Level Innovation
"Coates, Gary",Protection of Metallic Surfaces from Bulk to Nano Through Molecular-Level Innovation
"Coolens, Catherine",Protection of Metallic Surfaces from Bulk to Nano Through Molecular-Level Innovation
"Dancey, Janet",Protection of Metallic Surfaces from Bulk to Nano Through Molecular-Level Innovation
"Gallant, Danick",Protection of Metallic Surfaces from Bulk to Nano Through Molecular-Level Innovation
"Irish, Jonathan",Protection of Metallic Surfaces from Bulk to Nano Through Molecular-Level Innovation
"Itami, Ken",Protection of Metallic Surfaces from Bulk to Nano Through Molecular-Level Innovation
"Lacasse, Robert",Protection of Metallic Surfaces from Bulk to Nano Through Molecular-Level Innovation
"Mayall, Robert",Protection of Metallic Surfaces from Bulk to Nano Through Molecular-Level Innovation
"McGraw, John",Protection of Metallic Surfaces from Bulk to Nano Through Molecular-Level Innovation
"McGuiness, Christine",Protection of Metallic Surfaces from Bulk to Nano Through Molecular-Level Innovation
"Milosevic, Michael",Protection of Metallic Surfaces from Bulk to Nano Through Molecular-Level Innovation
"Moran, Kate",Protection of Metallic Surfaces from Bulk to Nano Through Molecular-Level Innovation
"Morel, Alban",Protection of Metallic Surfaces from Bulk to Nano Through Molecular-Level Innovation
"Nielson, Kent",Protection of Metallic Surfaces from Bulk to Nano Through Molecular-Level Innovation
"Petterson, Rachel",Protection of Metallic Surfaces from Bulk to Nano Through Molecular-Level Innovation
"Rasic, Daniel",Protection of Metallic Surfaces from Bulk to Nano Through Molecular-Level Innovation
"Sarikhani, Kaveh",Protection of Metallic Surfaces from Bulk to Nano Through Molecular-Level Innovation
"Yan, Li",Protection of Metallic Surfaces from Bulk to Nano Through Molecular-Level Innovation
"Keshavjee, Shaf",The Next Frontier in Transplantation: Ex Vivo Strategies to Repair and Rebuild Organs
"Crome, Sarah",The Next Frontier in Transplantation: Ex Vivo Strategies to Repair and Rebuild Organs
"Cypel, Marcelo",The Next Frontier in Transplantation: Ex Vivo Strategies to Repair and Rebuild Organs
"Gross, Jed",The Next Frontier in Transplantation: Ex Vivo Strategies to Repair and Rebuild Organs
"Haykal, Siba",The Next Frontier in Transplantation: Ex Vivo Strategies to Repair and Rebuild Organs
"Humar, Atul",The Next Frontier in Transplantation: Ex Vivo Strategies to Repair and Rebuild Organs
"Juvet, Stephen",The Next Frontier in Transplantation: Ex Vivo Strategies to Repair and Rebuild Organs
"Kumar, Deepali",The Next Frontier in Transplantation: Ex Vivo Strategies to Repair and Rebuild Organs
"Liu, Mingyao",The Next Frontier in Transplantation: Ex Vivo Strategies to Repair and Rebuild Organs
"Martinu, Tereza",The Next Frontier in Transplantation: Ex Vivo Strategies to Repair and Rebuild Organs
"Rogers, Ian",The Next Frontier in Transplantation: Ex Vivo Strategies to Repair and Rebuild Organs
"Selzner, Markus",The Next Frontier in Transplantation: Ex Vivo Strategies to Repair and Rebuild Organs
"Waddell, Thomas",The Next Frontier in Transplantation: Ex Vivo Strategies to Repair and Rebuild Organs
"Amon, Cristina",The Next Frontier in Transplantation: Ex Vivo Strategies to Repair and Rebuild Organs
"Badiwala, Mitesh",The Next Frontier in Transplantation: Ex Vivo Strategies to Repair and Rebuild Organs
"Chan, Christopher",The Next Frontier in Transplantation: Ex Vivo Strategies to Repair and Rebuild Organs
"Davidson, Alan",The Next Frontier in Transplantation: Ex Vivo Strategies to Repair and Rebuild Organs
"Jaeckel, Elmar",The Next Frontier in Transplantation: Ex Vivo Strategies to Repair and Rebuild Organs
"Karoubi, Golnaz",The Next Frontier in Transplantation: Ex Vivo Strategies to Repair and Rebuild Organs
"Kleinstiver, Benjamin",The Next Frontier in Transplantation: Ex Vivo Strategies to Repair and Rebuild Organs
"MacParland, Sonya",The Next Frontier in Transplantation: Ex Vivo Strategies to Repair and Rebuild Organs
"Parent, Brendan",The Next Frontier in Transplantation: Ex Vivo Strategies to Repair and Rebuild Organs
"Reichman, Trevor",The Next Frontier in Transplantation: Ex Vivo Strategies to Repair and Rebuild Organs
"Sinclair, John",The Next Frontier in Transplantation: Ex Vivo Strategies to Repair and Rebuild Organs
"Vasconcelos, Sara",The Next Frontier in Transplantation: Ex Vivo Strategies to Repair and Rebuild Organs
"Withers, Stephen",The Next Frontier in Transplantation: Ex Vivo Strategies to Repair and Rebuild Organs
"Yeung, Jonathan",The Next Frontier in Transplantation: Ex Vivo Strategies to Repair and Rebuild Organs
"Zheng, Gang",The Next Frontier in Transplantation: Ex Vivo Strategies to Repair and Rebuild Organs
"Andersson, Dag",The Next Frontier in Transplantation: Ex Vivo Strategies to Repair and Rebuild Organs
"Brouwer, Eric",The Next Frontier in Transplantation: Ex Vivo Strategies to Repair and Rebuild Organs
"Charbonneau, Sylvie",The Next Frontier in Transplantation: Ex Vivo Strategies to Repair and Rebuild Organs
"Davies, Jed",The Next Frontier in Transplantation: Ex Vivo Strategies to Repair and Rebuild Organs
"Dean, Terry",The Next Frontier in Transplantation: Ex Vivo Strategies to Repair and Rebuild Organs
"Dennison, Brent",The Next Frontier in Transplantation: Ex Vivo Strategies to Repair and Rebuild Organs
"Faro, Albert",The Next Frontier in Transplantation: Ex Vivo Strategies to Repair and Rebuild Organs
"Gavsie, Ronnie",The Next Frontier in Transplantation: Ex Vivo Strategies to Repair and Rebuild Organs
"Gleason, Jim",The Next Frontier in Transplantation: Ex Vivo Strategies to Repair and Rebuild Organs
"Kim, Joseph",The Next Frontier in Transplantation: Ex Vivo Strategies to Repair and Rebuild Organs
"Kledal, Thomas",The Next Frontier in Transplantation: Ex Vivo Strategies to Repair and Rebuild Organs
"Lee, Sharon",The Next Frontier in Transplantation: Ex Vivo Strategies to Repair and Rebuild Organs
"Mangat, Rick",The Next Frontier in Transplantation: Ex Vivo Strategies to Repair and Rebuild Organs
"Marshall, Craig",The Next Frontier in Transplantation: Ex Vivo Strategies to Repair and Rebuild Organs
"May, Michael",The Next Frontier in Transplantation: Ex Vivo Strategies to Repair and Rebuild Organs
"McGill, Iain",The Next Frontier in Transplantation: Ex Vivo Strategies to Repair and Rebuild Organs
"Miller, Marc",The Next Frontier in Transplantation: Ex Vivo Strategies to Repair and Rebuild Organs
"Nebesky, Jennifer",The Next Frontier in Transplantation: Ex Vivo Strategies to Repair and Rebuild Organs
"Negulescu, Paul",The Next Frontier in Transplantation: Ex Vivo Strategies to Repair and Rebuild Organs
"Roth, Doug",The Next Frontier in Transplantation: Ex Vivo Strategies to Repair and Rebuild Organs
"Rothblatt, Martine",The Next Frontier in Transplantation: Ex Vivo Strategies to Repair and Rebuild Organs
"Sher, Graham",The Next Frontier in Transplantation: Ex Vivo Strategies to Repair and Rebuild Organs
"Wallenburg, John",The Next Frontier in Transplantation: Ex Vivo Strategies to Repair and Rebuild Organs
