cluster,mot-cl√©
ecology,ecology
ecology,aquatic ecology
ecology,wildlife ecology
ecology,human ecology
ecology,applied evolutionary ecology
ecology,community ecology
ecology,ecosystem ecology
ecology,evolutionary ecology
indigenous knowledge,indigenous knowledge
indigenous knowledge,indigenous peoples
indigenous knowledge,indigenous worldviews
indigenous knowledge,native american and indigenous studies
indigenous knowledge,indigenous politics
indigenous knowledge,indigenous studies
indigenous knowledge,indigenous media
indigenous knowledge,tribal studies
biodiversity,biodiversity
biodiversity,conservation
biodiversity,biodiversity science
biodiversity,conservation biology
biodiversity,biodiversity conservation
biodiversity,conservation management
biodiversity,biodiversity change
neuroscience,neuroscience
neuroscience,cognition
neuroscience,cognitive neuroscience
neuroscience,neuroscience and memory
neuroscience,cognitive science
neuroscience,cognitive neurology
magnetic resonance imaging,magnetic resonance imaging
magnetic resonance imaging,imaging
magnetic resonance imaging,mri
magnetic resonance imaging,medical imaging
magnetic resonance imaging,quantitative mri
magnetic resonance imaging,mri. imaging
neurodegenerative diseases,neurodegenerative diseases
neurodegenerative diseases,neurodegeneration
neurodegenerative diseases,neurodegenerative disorders
neurodegenerative diseases,neuropsychiatric & neurodegenerative disease
neurodegenerative diseases,neurodegenerative disease
materials science,materials science
materials science,computational material science
materials science,computational materials science
materials science,materials
materials science,materials chemistry
