interests,n
neuroscience,15
biodiversity,10
dna barcoding,8
biomaterials,8
machine learning,7
tissue engineering,7
chemistry,7
electrochemistry,6
cognition,6
artificial intelligence,6
genomics,6
mental health,5
ecology,5
energy,5
evolution,5
public health,5
molecular imaging,5
genetics,4
development,4
co2 capture,4
bioinformatics,4
radiochemistry,4
climate change,4
bioethics,4
theranostics,4
arctic,4
political ecology,4
epidemiology,4
dementia,4
neuroimaging,4
nanotechnology,4
stem cells,4
sustainability,4
immunology,4
magnetic resonance imaging,4
molecular ecology,3
spinal cord injury,3
fmri,3
indigenous knowledge,3
cancer,3
memory,3
indigenous peoples,3
edna,3
lipids,3
biostatistics,3
environmental dna,3
radiopharmaceuticals,3
alzheimer's disease,3
neurology,3
neocortex,3
corrosion,3
nanomaterials,3
conservation,3
polymers,3
food security,3
alzheimer disease,3
evolutionary biology,3
deep learning,3
cognitive neuroscience,3
ethnography,3
fisheries,3
biogeography,3
microfluidics,3
regenerative medicine,3
indigenous governance,3
aging,3
drug delivery,3
computational biology,3
health economics,3
thoracic surgery,3
drug development,2
governance,2
biotechnology,2
well-being,2
community-based resource management,2
chemical biology,2
diabetes,2
organ-on-a-chip,2
work disability policy,2
brain imaging,2
neurodegenerative diseases,2
labour economics,2
energy storage,2
vascularization,2
natural language processing,2
materials science,2
economics,2
agriculture,2
entrepreneurship,2
ai,2
systematics,2
occupational health and safety,2
neural cell fate determination,2
computer vision,2
addiction,2
ethnobotany,2
lung transplantation,2
canada,2
social determinants of health,2
phylogeny,2
taxonomy,2
parkinson's disease,2
crispr,2
transcription factors,2
water,2
electrochemical systems,2
co2 conversion,2
clinical trials,2
fluids,2
neuropharmacology,2
microbiome,2
indigenous health,2
diversity and inclusion,2
medical physics,2
conservation policy,2
ethics,2
ultrasound,2
digital media,2
phylogenetics,2
metagenomics,2
lung cancer,2
lung transplant,2
forest management,2
cardiac,2
ethnoecology,2
biodiversity informatics,2
transplant,2
theoretical computer science,2
retina,2
optical diagnostics,2
innovation,2
stem cell-derived cardiomyocytes,2
medical anthropology,2
numerical analysis,2
electroactive polymers,2
computational material science,2
thermal management in nanoscale,2
artificial muscle,2
nutrition,2
piezoionics,2
soft sensors,2
obesity,2
pharmacology,2
psychology,2
reprogramming,2
3d printing,2
multiple sclerosis,2
statistics,2
metabarcoding,2
long-term care,2
smart materials,2
freshwater,2
inflammation and immunity,2
computational materials science,2
life cycle assessment,2
biodiversity science,2
oncology,2
radiopharmaceutical chemistry,2
poverty,2
lepidoptera,2
oil sands,2
synthetic biology,2
electrocatalysis,2
surface chemistry,2
translation,2
prions,2
movement disorders,2
psychiatry,2
protein misfolding,2
perception,2
tribal natural resource management,2
native american environmental issues,2
biophotonics,2
receptor imaging,2
breast cancer,2
work,2
positron emission tomography,2
nuclear medicine,2
cancer imaging,2
imaging,2
environmental governance,2
pet,2
regeneration,2
developmental biology,2
aquatic ecology,2
environmental policy,1
rural studies,1
consciousness,1
ctl vaccines,1
science policy,1
clinical biochemistry,1
behaviour,1
indigenous self-determination,1
india,1
indigenous fisheries science,1
aquatic conservation,1
sex workers,1
freshwater ecology,1
community development,1
dna barcodes,1
health law,1
targeted radionuclide therapy,1
statistical ecology,1
biomedical and biotechnology law,1
edna metabarcoding,1
vegetative state,1
computational systems biology,1
pin1-catalyzed conformational regulation in signal transduction and drug discovery in cancer and alzheimer's disease,1
gender dysphoria,1
speech recognition,1
indigenous worldviews,1
indigenous food and lifeways,1
treaties,1
language documentation,1
indigenous women,1
nuclear medicinal chemistry and radiochemistry,1
gas dynamics,1
chemical kinetics,1
infectious diseases,1
parasite genomics,1
aboriginal health,1
propulsion,1
combustion,1
conservation biology,1
medical ethics,1
indigenous environmental science,1
environmental and resource economics,1
biología,1
neurophysiology,1
sensorimotor neuroscience,1
pacemaker,1
cardiovascular research,1
neuropsychology,1
headache,1
athletic training and sports medicine,1
database systems,1
stem cell biology,1
compressive sensing,1
parkinson disease,1
distributed systems,1
entomology,1
wildlife ecology,1
cell therapy,1
plant nutritiion,1
inégalités,1
knowledge-based economic development,1
multidrug resistance,1
sensors,1
biosecurity,1
environmental monitoring,1
water quality,1
biogeochemical modelling,1
high-frequency monitoring,1
business of science,1
science strategy,1
research enterprise management,1
knowledge mobilization and translation,1
demography,1
sport medicine,1
injury,1
evidence synthesis,1
causal inference,1
learning analytics,1
moocs,1
replication,1
affective computing,1
integrated land-use planning,1
participatory planning,1
battery material,1
cadmium in marine organisms,1
socia-ecological systems and frameworks,1
transportation,1
cellulose nanocrystals,1
macrocycles,1
biofuels,1
automobiles,1
neurodegeneration,1
technology commercialization,1
academic entrepreneurship,1
innovation management,1
universal design,1
urban planning,1
built environment,1
antarctic terrestrial organisms,1
organizational psychology and behaviour,1
hrm,1
wellbeing (employee and community),1
conservation genetics,1
mating systems,1
homelessness,1
psychsocial health,1
cold adaptation,1
ecological adaptation,1
antarctic marine organisms,1
impact assessment,1
land system sc,1
urbain,1
school of environment,1
psicología forense,1
psicoterapia de pareja,1
thermally sprayed coatings,1
structure/property relationship,1
healthcare simulation,1
perceptual learning,1
plasticity,1
eye movements,1
pupil modulation,1
neurological and neuropsychiatric disorders,1
enterprise and development,1
health promotion,1
university of waterloo,1
climate,1
global environmental politics,1
contentious politics,1
activism,1
metabolic engineering,1
gene-environment interaction,1
travail social,1
monde associatif,1
jeunesse,1
psicologia del desarrollo,1
qualitative research,1
cultural anthropology,1
scanning tunneling microscopy,1
settler colonialism,1
communication studies,1
digital politics,1
software studies,1
internet infrastructure,1
prion disease,1
chronic wasting disease,1
muscle aging,1
mtdna deletions,1
self-assembly,1
atomic force microscopy,1
physician work-life balance,1
water resources,1
natural resources,1
gender,1
public health nutrition,1
molecular systematics and biogeography,1
visualizations,1
quality of care,1
health care disparities,1
probiotics,1
physician behavior,1
regional development,1
reactive capture,1
vaginal and urinary health,1
didáctica del lenguaje y las matemáticas,1
argumentación en lenguaje y mate,1
paediatric cardiology,1
cardiac magnetic resonance,1
mri,1
rural communities,1
community engaged scholarship,1
sustainable development,1
collaborative governance,1
accessibility,1
disabilities,1
inclusive education,1
higher education,1
point of care medical devices,1
immunodiagnostics,1
bacteriophage therapy,1
bacterial toxins,1
electromaterials science,1
organic conductors,1
additive manufacturing,1
big data analytics,1
business intelligence,1
ict4d and knowledge creation through technology,1
innovation incubation,1
business management,1
natural product development,1
educación matemática en la educación básica,1
physical chemistry,1
human dimensions of environmental change,1
nanoclusters,1
myelin biology,1
metabolism,1
functional foods,1
environmental stress biology,1
lipid bioinformatics,1
brain health,1
parkinson’s disease,1
dystonia,1
chemodenervation with botulinum toxin therapy,1
electrodiagnosis and patholo,1
biocultural conservation and restoration,1
plant demography and ecology,1
labour market policies,1
policy evaluation,1
employment projections,1
work and labour,1
labour productivity,1
materials,1
electronics,1
graphene,1
participatory action research,1
indigenous community-engaged genomics and precision health,1
data science,1
metal clusters,1
nanocatalysis,1
indigenous health and well-being,1
water security,1
lactobacillus,1
surgical navigation,1
numerical cognition,1
dyscalculia,1
cognitive development,1
condensed matter physics,1
nanophotonics,1
epistasis,1
molecular plant microbe interaction,1
inflammation,1
sensory properties,1
pollution,1
heavy metals,1
medicine,1
neurosurgery,1
clinical research,1
cardiology,1
nanoporous material,1
supercapacitor,1
catalytic,1
zoonoses control in developing countries,1
health care for mobile pastoralistset,1
zweites interessengebiet,1
environmental governance/collaboration,1
health geography/policy,1
learning/knowledge translation,1
intergenenerational studies,1
medical imaging,1
photodynamic therapy,1
neuroscience and memory,1
optical coherence tomography,1
food and culture,1
participatory research,1
food sovereignty,1
gps,1
ionosphere,1
multi-sensor,1
cloud computing,1
workflow,1
glycobiology,1
health literacy,1
self-management of chronic conditions,1
cognitive function,1
medication safety and adherence,1
ecotoxicology,1
hydroecology,1
energy materials,1
electronic/photonic materials,1
responsive materials,1
tem/x-ray imaging,1
dna recombination and repair,1
histology and embryology,1
eeg,1
ica,1
neural engineering,1
brain-computer interface,1
psychoanalysis,1
psychosomatics,1
alexithymia,1
gene expression,1
pathways,1
self-determination,1
special education,1
intellectual disability,1
positive psychology,1
positive education,1
hematopoiesis,1
muscle,1
educational outcomes of premature infants,1
conservation social science,1
decolonizing conservation,1
recherche plantes médicinales,1
pathology,1
molecular pathology,1
interstitial lung disease,1
quantum dots,1
perovskites,1
inorganic chemistry,1
interfacial phenomena,1
coatings,1
adhesives,1
arrhythmias,1
ischemia,1
doxorubicin and plasticizer cardiotoxicity,1
historical masonry structures,1
macrophage,1
epidural,1
phylogenomics,1
surgery,1
pesticides,1
honey bees,1
radiolabeled monoclonal antibodies,1
radiolabeled gold nanoparticles,1
auger electrons,1
radioimmunotherapy,1
epilepsy,1
ketogenic diet,1
autism,1
reversible logic,1
logic synthesis,1
representations of digital functions,1
mv logic,1
sociolinguistics and programming,1
learning and memory,1
neural networks,1
neural circuits,1
aquaculture genomics,1
fish immunology,1
nutrigenomics,1
biodiversity conservation,1
community based natural resources management,1
livelihoods,1
biomedical technologies,1
elastography,1
earthquake engineering,1
reinforced concrete structures,1
angiogenèse,1
atherosclérose,1
disability,1
policy,1
health services,1
critical theory,1
computational mechanics,1
engineering,1
and sciences,1
isogeometric analysis (iga),1
fluid-structure interaction (fsi),1
software engineering,1
software testing,1
neurovascular coupling,1
asl,1
two photon fluorescence microscopy,1
experimental pharmacology,1
pharmacognosy,1
pharmaceutical care,1
education,1
cardiac electrophysiology,1
biology,1
philosophy of neuroscience,1
philosophy of scientific experimentation,1
philosophy of science in,1
environment and development,1
dna-barcoding,1
action,1
language,1
2d materials.,1
implantable bio-sensing,1
thrombose,1
oncologie,1
spect,1
nuclear chemistry,1
attention,1
alzheimer's,1
multimodal neuroimaging,1
medical statistics,1
preservation injury,1
sports medicine,1
musculoskeletal medicine,1
neural interfaces,1
solid mechanics,1
ecologia aplicada,1
ecologia humana,1
etnobiologia,1
ecologia de peixes,1
pesca,1
glia,1
groundwater,1
hydrogeology,1
modelling,1
health policy,1
quantitative protein mass spectrometry,1
supramolecular chemistry,1
spinal surgery,1
materials chemistry,1
environmental eng,1
discourse,1
ageing developing countries falls geriatric medicine men's health,1
health,1
community-based participatory research,1
health justice,1
indigenous entrepreneurship,1
sustainable communities,1
small firms,1
wine,1
functional brain imaging,1
bioprocessing,1
phage,1
operational research,1
sh3,1
pseudomonas,1
e. coli,1
hiv prevention,1
forensic nursing,1
intimate partner violence,1
sexual assault,1
intensive care,1
hydrogels,1
microgels,1
management science,1
technology,1
hiv infection,1
assistant professor,1
ecological genomics,1
molecular biology,1
ciencias de la obstetricia y neonatologia,1
sepsis,1
aclf,1
liver transplant,1
radiation oncology,1
inclusive design,1
perceptual-cogtitive approaches to design,1
visual art,1
cognitive science,1
diagrammatic reasoning,1
native american and indigenous studies,1
critical/cultural studies,1
community-based participatory action research,1
physics,1
high energy,1
gravitational waves,1
cybersecurity,1
cyberdiplomacy,1
emerging micro/nano technologies,1
microsystems/mems,1
instrumentation,1
signal processing and control,1
project management,1
conservation management,1
tropical ecology,1
near surface hydrology,1
rehabilitative training,1
open data commons,1
teams,1
knowledge transfer,1
knowledge diffusion,1
prostate cancer,1
cell signaling,1
radiation biology,1
environmental health,1
risk assessment,1
management communication,1
hydrogeophysics,1
phylogeography,1
agrophysics,1
modeling,1
watershed and water resource management,1
neuroendocrinology,1
environmental economics,1
ecological economics,1
behavioural economics,1
gender economics,1
wildlife management,1
protein design,1
cell design,1
neuroplasticity,1
neurotrauma,1
malacology,1
molecular phylogenetics,1
relativité générale,1
hyperscanning,1
neurodynamics,1
precision psychiatry,1
social ai,1
sciml,1
brain organoids,1
neurodegenerative disorders,1
assay development,1
systematic biology,1
geography,1
forestry,1
macrophages,1
dendritic cells,1
data analysis,1
dimensionality reduction,1
neuroscience marmosets frontal cortex fmri electrophysiology,1
extracellular matrix,1
fibronectin,1
image processing,1
random fields,1
cognitive neurology,1
social cognition,1
proteomics,1
mems,1
biomedical engineering,1
electrochemical reactors,1
petroleum systems,1
power systems,1
technology assessment,1
social-ecological resilience,1
commons,1
traditional ecological knowledge,1
human ecology,1
applied analysis,1
calculus of variations,1
continuum mechanics,1
gradient systems,1
advanced nuclear fusion,1
biomems,1
flexible automation,1
smart windows,1
commercialization,1
environmental law and policy,1
green economy,1
corporate sustainability,1
sustainable tourism,1
electrolysis,1
carbon,1
co2,1
gene delivery,1
energy systems analysis,1
dna sequencing,1
cancer genomics,1
radiopharmaceutical therapy,1
organic,1
integrated management,1
horticulture,1
single crystal growth & materials characterization.,1
análisis probabilístico,1
geotecnia,1
ingeniería civil,1
tailings engineering,1
waste management,1
heterogeneous catalysis,1
immune regulation,1
design methodologies,1
social justice,1
atomic layer deposition,1
magnetic resonance spectroscopy,1
stroke,1
human physiology,1
climate change impacts,1
climate solutions,1
ocean ecology,1
fuel cells and electrolyzers,1
porous media,1
heat and mass transport,1
rna vaccines,1
formulation science,1
tectonics,1
schizophrenia,1
cannabis,1
body dysmorphic disorder,1
ocd,1
physiology and pathophysiology of pancreatic beta-cells in diabetes,1
mental illness,1
dialysis,1
sfg spectroscopy,1
interfaces and surfaces,1
biophysics,1
laser induced liquid microjet,1
radiation pressure,1
coasts & oceans,1
communities,1
agronomy,1
plant physiology,1
environmental science,1
sustainable agriculture,1
cholesterol,1
dietary fats,1
omega-3 fatty acids,1
fetal programming,1
nanomedicine,1
drug and gene delivery,1
bipolar,1
frontotemporal dementia,1
paleotopography and water isotopes,1
amyotrophic lateral sclerosis,1
deformation processes,1
thermochronology,1
geomorphology,1
epigenetics,1
judgment and decision making,1
eating disorders,1
child health,1
chemistry education,1
broadening participation in stem,1
molecular spectroscopy,1
performance management systems,1
employee share ownership,1
human resource management,1
nonlinear dynamics,1
microscopy,1
cardiac sciences,1
community forestry,1
community-based natural resource management,1
conflict,1
adaptation,1
learning,1
neuropsychiatric & neurodegenerative disease,1
polymer science,1
plant disease ecology,1
applied evolutionary ecology,1
behavior,1
work injury and disability prevention,1
composites,1
textiles,1
electrospinning,1
sensor,1
agricultural economics,1
indigeneity,1
colonialism,1
power,1
indigenous sts,1
tumor hypoxia,1
protein folding,1
workplace mental health,1
indigenous politics,1
mild traumatic brain injury,1
equity,1
developmental neuroscience,1
epilepsy drug discovery,1
psychedelic neurobiology,1
wildlife disease,1
parasitology,1
community-based monitoring,1
hawaiian studies,1
indigenous studies,1
literature,1
nanofiber technology,1
biochemistry,1
genetic medicines,1
protein engineering,1
future of work,1
indigenous law,1
māori law,1
treaty of waitangi,1
thermodynamics,1
process simulation,1
fluid properties,1
ionic liquids,1
immunological tolerance,1
chronic lung allograft rejection,1
dna computing,1
formal languages & automata,1
ips,1
bile duct,1
liver,1
pancreas,1
cystic fibrosis,1
biogeochemistry of trace elements,1
risk,1
cultural psychiatry,1
psychological anthropology,1
philosophy of psychiatry,1
genome engineering,1
plant phyiology,1
canadian politics,1
corporate governance,1
invasive alien species,1
interactive art,1
critical ai,1
indigenous media,1
computational media theory,1
co2 electrolysis,1
renewable fuels,1
soil systems,1
community ecology,1
ecosystem ecology,1
hydrobiology,1
macrozoobenthos,1
cell and molecular biology,1
federalism,1
gene editing,1
cell  therapy,1
neurodegenerative disease,1
medical tests,1
prognosis,1
star formation,1
planet formation,1
interstellar medium structure,1
galaxy evolution,1
medicinal chemistry,1
peptide chemistry,1
typography,1
surveillance,1
algorithmic bias,1
biomass,1
constitutional law and politics,1
political theory,1
renewable energy,1
thermoelectrics,1
organic light emitting diode,1
global change ecology,1
plant ecology,1
quantitative mri,1
mri-histology correlation,1
marine biology,1
biodiversity genomics,1
classification,1
mixture modelling,1
skew distributions,1
invertebrates,1
monitoring,1
visualization,1
virtual reality,1
computer graphics,1
video game,1
human augmentics,1
carbon footprint,1
global warming,1
systems thinking,1
work and health,1
creativity,1
adherence,1
decolonisation,1
sustainability and well-being,1
writing,1
post theories,1
radiochemistry pet imaging,1
biología celular de trypanosomatidios,1
interacción de parásitos con sistema fibrinolítico,1
evolutionary genomics,1
point-of-care testing (especially in indigenous people and for cardiac disease,1
pharmacoepidemiology,1
drug safety,1
outcomes,1
states of consciousness,1
medication errors,1
organizational behaviour,1
workplace mistreatment,1
bullying,1
employee silence,1
employee voice,1
geometridae,1
green processing of natural resources,1
waste to bioproducts,1
toxicity,1
metal allergy,1
indigenous ontologies and methodologies,1
science communication,1
food webs,1
invasive species,1
economics of organization,1
corporate finance,1
earth system science,1
applied science,1
evolutionary ecology,1
population biology,1
intellectual property and innovation,1
inverse design,1
atomistic simulations,1
biodiversity change,1
evolutionary rescue,1
mesoecology,1
connectivity conservation,1
didáctica de la física,1
metodología de la investigación educativa,1
orientación profesional,1
zoology,1
amphipoda,1
speciation,1
knowledge translation,1
practice guidelines,1
research use,1
marine conservation biology,1
contact dermatitis,1
co2 utilization,1
catalysis,1
hifu,1
inuit,1
art history,1
colonization,1
circumpolar,1
neuroethics canada,1
division of neurology,1
department of medicine,1
cryptography,1
stress,1
neurogastroenterology,1
psychopharmacology,1
diabetic retinopathy,1
neutrophils,1
extracellular vesicles,1
immunologie,1
gastroenterologie,1
transplantation,1
beta diversity,1
collembola,1
soil fauna diversity,1
soil ecology,1
ecology and biodiversity of ecosystems,1
large-scale brain dynamics,1
mri. imaging,1
biomedical ultrasound,1
social work education,1
brain network dynamics,1
vicarious trauma,1
vicarious resilience,1
fuel cells,1
oxygen reduction,1
carbon dioxide reduction,1
radiotherapy,1
polar biology,1
population genetics,1
electrochemical materials,1
aerospace engineering,1
value-driven design,1
aircraft design,1
aviaiton environmental impact,1
unmanned aerospace systems,1
data streams,1
wildlife biology,1
traditional food security,1
marine mammals,1
sea ice,1
cardiovascular medicine,1
vascular biology,1
heart failure,1
comparative biology,1
tribal studies,1
